878ade983000e9a0fd1c16bae4f24744e45f0cc5625eb060a60a70a1a7901c40,chunmi_tsa1
5d1b3acd108125bba3e0cb2f85828f1a3d33cecf7784dc4f8c685b9a7314f1af,chunmi_tsa1
ff21a4f960425ffb1b8c786966e47b359233925cf0ce8e1356ed4f36ec3efaa5,chunmi_tsa1
90b559b159db9897788ebcff4b1a67391048a929320f72f1d016b5333af7316d,chunmi_tsa1
e75b0f31abdd6972f51245a2da37213fc3b8724df96ab3950ea05039ef13d1f7,chunmi_tsa1
a6b44bd5e90e522c00af89ef9760bc39acdb66a25445a13439707fe8c4e0d5c6,chunmi_tsa1
3ee7d0c3535c75867b2c5dde269f99343ca3c5955e9353d2965b63b859685f3c,chunmi_tsa1
b0cb95c2346ac5f177f03ee5292d1c9534d09fadf1cd1aa699f15404b646d262,chunmi_tsa1
29e20cc32da7e3daa5c5599d1559807cb1abd6d7ade8bcea262ced8619d3e079,chunmi_tsa1
15b1e2b1371af65d85fb58983dc34647059fb28631b1c9cdc74b68e163a98a34,chunmi_tsa1
9983cbac0ea5dd3a258e6c5f8b54715839f66c04c58ae0b811bb389c805f9412,chunmi_tsa1
7b7a05618c4fbb646d9eec93c8da5a35e2b70a87a51a36a909794394ae4ffb62,chunmi_tsa1
442e17742791c6a491b32716ef7611e8b7f9c49ac4ca238605b94325d629f1ef,chunmi_tsa1
78dcb796829e43f6d8456770e26dc8a43eae090c4fe7263817506cf7437649d3,chunmi_tsa1
968b4f92f72421f1ff3c1d3f46f6d2f88b1c5ee5aa818f0012538a0db9fe1e06,chunmi_tsa1
be89d83a8dd46cf28113e6170483a2af8f79ab8089db32f11171e352df9671d4,chunmi_tsa1
63065725c35e36e439217ea6b00d609b54893a236377f262d3f33777f5c0a866,chunmi_tsa1
006a879c120bf498d4a62b2a5d86bd5cb2d16ee250d5383b70885bf183a8b1e2,chunmi_tsa1
954e32d64e9349f6d8e962dbf935daa674fe761536a1464669421920c8f46b2c,chunmi_tsa1
8de12f5c22c0bf2533d86412edec75fa2cabe4417bc21b41493bc90ff9931ee0,chunmi_tsa1

ce814154f627fc11676d5a0b6b3ca6df8452b7492c7cedf655e268406058e203,chunmi_tsa1
ac67cb713e2a36e8f4065d0e223b32c49239a95e70647a2ce00fe2c33fe8ae55,chunmi_tsa1
967230106569d6d7d6e791302055eed54c75096e4c876f356bb501bbbba40496,chunmi_tsa1
b278f566d6bc81cc2b341ef77994c2b3428cf11e15951d4d9ee9fa0967ea826e,chunmi_tsa1
53920543260cba85bacfef104192821eca85d90db7f4cf349262d5aba08bf98c,chunmi_tsa1
7fe015f8908063c9f13c275205f86d71ab88cf054cc6efbef4320bd4eddf36eb,chunmi_tsa1
380ebf5c3389dbf374ce6c7204625412f96044dfd2532e7daa5404a32263e25b,chunmi_tsa1
ea9c2c3cec72d30f4d5c21fbcb925c031b4ec9c444340962e355d11f2cd505fc,chunmi_tsa1
f326f3d868e7c5894044ff731a773de0f8b06f7557c382cbca6844534cc3d940,chunmi_tsa1
1e12177806562dc3cd5a67dfcefdf7a0fe00553fa2869db8c047c572be751684,chunmi_tsa1
